node,dist_from_821
771,1.829611
772,1.795645
781,1.776833
783,1.75656
784,1.709936
785,1.670816
786,1.622158
787,1.294527
788,1.222547
792,1.195248
1538,1.25452
793,1.135859
802,1.088043
803,0.460096
808,0.345306
820,0.226952
1525,0.32098
1533,0.84937
1534,0.952577
1535,1.252036
1536,1.328295
1537,1.355707
1526,0.410368
1529,0.605345
1531,0.891088
1532,0.964278
1530,0.864006
1527,0.843998
1528,0.958149000000001
821,0
1206,0.212418
1345,0.394426000000001
1352,0.572802000000001
1454,0.728071
1485,0.751499
1511,0.804366
1518,0.826944000000001
1522,0.859148000000001
1523,0.904470000000001
1524,1.007856
1519,0.931022000000001
1521,1.082293
1520,1.053556
1512,0.884578000000001
1513,1.000808
1517,1.063515
1514,1.034558
1515,1.077653
1516,1.204995
1486,0.865288000000001
1487,0.919094000000001
1496,0.938430000000001
1504,0.953710000000001
1510,0.989305
1505,1.003136
1507,1.02132
1508,1.051768
1509,1.074211
1506,1.033339
1497,1.252692
1498,1.285488
1502,1.305586
1503,1.344255
1499,1.328996
1501,1.460701
1500,1.424294
1488,0.951769
1494,0.978574
1495,1.005773
1489,1.004172
1490,1.028584
1493,1.104587
1491,1.062135
1492,1.102003
1455,0.794879
1459,0.844330000000001
1484,0.903731
1460,0.91423
1461,0.968887000000001
1483,1.057238
1462,1.050105
1482,1.113241
1463,1.093415
1474,1.164307
1476,1.334343
1481,1.375817
1477,1.362551
1480,1.38573
1478,1.389963
1479,1.427876
1475,1.28305
1464,1.172385
1472,1.229133
1473,1.300223
1465,1.216181
1469,1.312619
1470,1.375158
1471,1.474551
1466,1.318314
1467,1.44083
1468,1.625749
1456,0.895113000000001
1457,0.955714000000001
1458,1.008226
1353,0.764002
1446,0.836498
1447,0.892134
1451,0.954579
1452,0.991429
1453,1.170811
1448,1.050317
1449,1.174958
1450,1.22042
1354,0.869530000000001
1356,0.917051
1440,1.075503
1442,1.109241
1443,1.155471
1444,1.213514
1445,1.368746
1441,1.128117
1357,1.047426
1431,1.093421
1439,1.233505
1432,1.132367
1434,1.17544
1436,1.325352
1437,1.398013
1438,1.456621
1435,1.252412
1433,1.266618
1358,1.079903
1406,1.156787
1409,1.179161
1412,1.215861
1413,1.254569
1430,1.467767
1414,1.300743
1425,1.377734
1426,1.503194
1427,1.541065
1428,1.569323
1429,1.624783
1415,1.389527
1416,1.59334
1419,1.617166
1423,1.697597
1424,1.765408
1420,1.657128
1421,1.68465
1422,1.715646
1417,1.67279
1418,1.716946
1410,1.223254
1411,1.303357
1407,1.244662
1408,1.338942
1359,1.109438
1363,1.134817
1364,1.170868
1372,1.209234
1382,1.236802
1401,1.267146
1404,1.31661
1405,1.379538
1402,1.386447
1403,1.426976
1383,1.281468
1385,1.344966
1386,1.375966
1388,1.493048
1389,1.511343
1390,1.531721
1391,1.551459
1392,1.577626
1393,1.596614
1397,1.615804
1398,1.645562
1399,1.666236
1400,1.707299
1394,1.654566
1395,1.69038
1396,1.726623
1387,1.418226
1384,1.427414
1373,1.241458
1380,1.280296
1381,1.309422
1374,1.303666
1378,1.359319
1379,1.411082
1375,1.437156
1376,1.485041
1377,1.54268
1365,1.251625
1367,1.272297
1368,1.323076
1369,1.395592
1370,1.467508
1371,1.525512
1366,1.331262
1360,1.141268
1361,1.173643
1362,1.220207
1355,1.165351
1346,0.476332000000001
1348,0.541965000000001
1349,0.647155
1351,0.815251
1350,0.926726
1347,0.695063000000001
1207,0.684696
1209,0.829627000000001
1223,0.889237000000001
1224,0.953777000000001
1230,0.997969000000001
1339,1.075551
1340,1.233188
1341,1.27394
1343,1.304695
1344,1.335947
1342,1.3279
1231,1.073316
1286,1.108723
1290,1.187772
1292,1.325108
1293,1.361286
1337,1.390082
1338,1.449262
1294,1.381843
1304,1.423067
1306,1.442901
1308,1.461295
1330,1.477155
1335,1.489278
1336,1.538431
1331,1.491283
1332,1.509535
1333,1.544108
1334,1.575249
1309,1.475066
1317,1.482825
1328,1.523664
1329,1.559276
1318,1.50789
1319,1.530243
1325,1.544737
1327,1.587126
1326,1.587081
1320,1.554044
1322,1.570404
1323,1.612088
1324,1.688999
1321,1.577089
1310,1.507391
1311,1.533206
1312,1.566276
1313,1.585275
1315,1.618264
1316,1.65371
1314,1.605009
1307,1.473341
1305,1.459367
1295,1.428761
1303,1.534137
1296,1.464565
1297,1.523556
1298,1.602822
1299,1.664662
1300,1.683729
1301,1.738607
1302,1.755194
1291,1.443998
1287,1.358165
1289,1.419181
1288,1.454175
1232,1.115206
1237,1.164486
1248,1.263542
1268,1.305725
1269,1.353279
1270,1.400569
1285,1.434378
1271,1.413195
1280,1.432677
1282,1.444656
1283,1.470527
1284,1.503456
1281,1.469282
1272,1.427919
1279,1.455216
1273,1.508071
1278,1.548325
1274,1.575891
1275,1.597277
1276,1.616816
1277,1.643932
1249,1.338597
1250,1.42925
1265,1.447122
1267,1.499105
1266,1.501969
1251,1.462646
1261,1.545281
1263,1.577553
1264,1.630485
1262,1.589437
1252,1.493738
1256,1.52708
1257,1.578526
1259,1.597328
1260,1.639696
1258,1.614085
1253,1.524871
1255,1.550982
1254,1.561959
1238,1.293611
1239,1.354484
1246,1.413346
1247,1.595037
1240,1.379627
1243,1.408628
1244,1.460817
1245,1.495875
1241,1.467705
1242,1.515427
1233,1.44106
1235,1.482817
1236,1.560178
1234,1.483985
1225,1.063401
1226,1.130286
1227,1.174909
1228,1.283608
1229,1.327685
1210,0.886999000000001
1219,1.042755
1222,1.154124
1220,1.13576
1221,1.276658
1211,1.109394
1212,1.182896
1213,1.215086
1216,1.335489
1218,1.375097
1217,1.374991
1214,1.327981
1215,1.353385
1208,1.049746
822,5.384169
1096,5.722959
1097,6.133957
1110,6.263687
1204,7.102389
1205,7.244692
1111,7.11762
1112,7.178165
1113,7.228155
1114,7.260514
1115,7.303072
1119,7.323088
1120,7.337699
1121,7.347318
1123,7.36883
1124,7.394194
1163,7.405715
1189,7.422552
1191,7.431971
1201,7.446009
1203,7.497815
1202,7.479847
1192,7.449828
1199,7.459815
1200,7.521757
1193,7.464233
1198,7.496687
1194,7.482679
1195,7.54874
1196,7.699237
1197,7.709943
1190,7.44269
1164,7.421616
1185,7.43595
1187,7.451746
1188,7.468219
1186,7.461875
1165,7.435373
1176,7.452201
1179,7.462594
1180,7.472984
1181,7.515287
1182,7.52827
1183,7.547682
1184,7.57029
1177,7.46885
1178,7.488033
1166,7.452238
1171,7.470327
1172,7.489315
1173,7.496553
1175,7.523147
1174,7.521965
1167,7.484837
1170,7.513322
1168,7.524977
1169,7.584834
1125,7.404118
1161,7.448486
1162,7.456014
1126,7.407156
1128,7.414345
1151,7.428011
1159,7.446147
1160,7.478049
1152,7.444271
1155,7.473205
1156,7.506121
1158,7.522686
1157,7.536826
1153,7.508547
1154,7.536756
1129,7.433265
1130,7.442131
1146,7.460077
1149,7.479481
1150,7.496166
1147,7.470756
1148,7.489113
1131,7.462141
1134,7.473321
1135,7.4911
1137,7.49442
1144,7.501606
1145,7.526772
1138,7.506434
1139,7.52312
1142,7.531189
1143,7.536615
1140,7.535642
1141,7.571025
1136,7.507146
1132,7.474317
1133,7.488261
1127,7.427482
1122,7.371593
1116,7.327555
1117,7.368836
1118,7.479306
1098,6.87523
1104,6.967045
1105,7.125229
1106,7.174671
1109,7.267245
1107,7.284182
1108,7.378347
1099,6.96838
1103,7.075787
1100,7.21565
1101,7.273618
1102,7.373649
823,5.935355
824,6.008008
827,6.064057
937,6.089507
1087,6.129635
1089,6.153395
1092,6.184306
1095,6.240545
1093,6.307749
1094,6.413128
1090,6.199135
1091,6.44406
1088,6.280686
938,6.103186
1001,6.12482
1086,6.180726
1002,6.151776
1072,6.18119
1085,6.262252
1073,6.209751
1080,6.24844
1082,6.279226
1083,6.304625
1084,6.542413
1081,6.415419
1074,6.244611
1078,6.288782
1079,6.335789
1075,6.274508
1076,6.362253
1077,6.441267
1003,6.178953
1064,6.20475
1069,6.234385
1070,6.373237
1071,6.456364
1065,6.231243
1067,6.282546
1068,6.319614
1066,6.275743
1004,6.195712
1040,6.214513
1045,6.227938
1057,6.256281
1063,6.325953
1058,6.284082
1059,6.325113
1060,6.356674
1061,6.434813
1062,6.532954
1046,6.250014
1052,6.288614
1055,6.323766
1056,6.383196
1053,6.306326
1054,6.372923
1047,6.311023
1050,6.358595
1051,6.425015
1048,6.461929
1049,6.553406
1041,6.252367
1043,6.279524
1044,6.314749
1042,6.382684
1005,6.237923
1007,6.264548
1033,6.295586
1034,6.354703
1036,6.396133
1037,6.491161
1038,6.704524
1039,6.894572
1035,6.47054
1008,6.277696
1031,6.318252
1032,6.459268
1009,6.299558
1011,6.325421
1021,6.352985
1028,6.394304
1030,6.623166
1029,6.524648
1022,6.438491
1026,6.47876
1027,6.57823
1023,6.502745
1025,6.557995
1024,6.568961
1012,6.37814
1013,6.395029
1014,6.41953
1015,6.446474
1016,6.465937
1019,6.512141
1020,6.58428
1017,6.503733
1018,6.531394
1010,6.380879
1006,6.329185
939,6.126449
960,6.153327
962,6.180155
963,6.274829
987,6.317021
1000,6.387363
988,6.426758
998,6.494734
999,6.750108
989,6.556575
997,6.656596
990,6.653933
992,6.783771
993,6.87346
994,6.927864
995,6.955553
996,6.973725
991,6.716197
964,6.3075
965,6.351833
976,6.420564
984,6.445148
985,6.563926
986,6.637654
977,6.469875
978,6.604309
979,6.641105
980,6.672795
981,6.701939
982,6.735372
983,6.793767
966,6.412963
967,6.593144
973,6.620085
975,6.749059
974,6.891285
968,6.642354
969,6.70996
970,6.961987
971,6.969376
972,7.01438
961,6.212923
940,6.297322
944,6.366541
946,6.396329
959,6.596668
947,6.435582
958,6.520485
948,6.576213
949,6.61093
957,6.703033
950,6.650224
953,6.671068
954,6.72461
955,6.811277
956,6.825746
951,6.824015
952,6.850274
945,6.405891
941,6.361065
942,6.496857
943,6.577476
828,6.113871
830,6.137497
913,6.16909
933,6.199013
934,6.25481
935,6.430371
936,6.495771
914,6.221529
915,6.289021
931,6.387646
932,6.505937
916,6.322251
924,6.35747
930,6.403183
925,6.403268
926,6.468983
927,6.497835
928,6.577789
929,6.67988
917,6.365193
923,6.541367
918,6.420661
919,6.467416
921,6.488233
922,6.539968
920,6.526335
831,6.251419
832,6.359922
833,6.391427
834,6.445539
911,6.479646
912,6.541725
835,6.502551
837,6.549194
868,6.565895
901,6.594578
903,6.632843
905,6.664749
906,6.705772
907,6.752211
908,6.797356
909,6.861073
910,6.895737
904,6.784465
902,6.649878
869,6.594436
893,6.633963
894,6.669693
895,6.712187
896,6.748871
897,6.785448
898,6.804709
900,6.83282199999999
899,6.83734
870,6.616834
876,6.638591
879,6.653515
884,6.683998
892,6.716506
885,6.703935
890,6.724852
891,6.834305
886,6.73091
889,6.769339
887,6.748126
888,6.77046
880,6.692666
881,6.730815
883,6.795433
882,6.798419
877,6.668804
878,6.723689
871,6.658828
874,6.717695
875,6.756169
872,6.726121
873,6.796457
838,6.574917
840,6.602089
857,6.626255
867,6.654104
858,6.652332
861,6.702311
865,6.780378
866,6.822582
862,6.758614
863,6.805955
864,6.833244
859,6.735649
860,6.804733
841,6.629137
849,6.656895
854,6.683778
855,6.723949
856,6.772459
850,6.738943
851,6.76416
852,6.786649
853,6.854624
842,6.656112
843,6.677152
845,6.724435
846,6.788608
847,6.828016
848,6.870945
844,6.721638
839,6.628153
836,6.564037
829,6.177354
825,6.055609
826,6.108596
809,0.451608
810,0.595617
813,0.787984
816,1.014236
817,1.087563
819,1.143298
818,1.169811
814,0.914532
815,1.196727
811,0.951649
812,1.033582
804,0.840853
807,0.927904
805,0.902054
806,1.030255
794,1.21174
795,1.498858
796,1.564659
798,1.702615
800,1.788384
801,1.838667
799,1.770205
797,1.659879
789,1.251773
790,1.285244
791,1.339711
782,1.823722
773,1.833626
774,1.864183
777,1.887257
778,1.914698
780,1.959595
779,1.949699
775,1.889152
776,1.966488
Anf_Anaerocolumna_jejuensis,1.988326
Anf_Sporomusa_termitida,1.837601
Anf_Desulfosporosinus_fructosivorans,1.815392
Anf_Methanosarcina_acetivorans_C2A,1.753285
Vnf_Desulfobacter_curvatus,1.605854
Vnf_Methanosarcina_acetivorans_C2A,1.457514
Vnf_Ethanoligenens_harbinense,1.521293
Vnf_Archaeoglobus_sp,1.384869
Nif_archaeon_BMS3Abin16,1.153139
Nif_Candidatus_Viridilinea_mediisalina,1.43778
Nif_Oscillochloris_trichoides,1.44244
Nif_Chloroflexales_bacterium_ZM16-3,1.398053
Nif_Roseiflexus_castenholzii,1.37079
Nif_archaeon_BMS3Bbin15,1.123098
Nif_Candidatus_Methanolliviera_sp_GoM_asphalt,1.011302
Nif_Candidatus_Methanolliviera_hydrocarbonicum,1.250177
Nif_Methanophagales_archaeon,0.962977
Nif_Candidatus_Argoarchaeum_ethanivorans,0.950342
Nif_ANME-2_cluster_archaeon,0.981911
Nif_Candidatus_Methanoperedens_sp_BLZ2,0.98641
Nif_uncultured_archaeon,0.99329
Nif_Candidatus_Methanoperedens_nitroreducens,0.930401
Nif_Ilyobacter_polytropus,1.269146
Nif_Serpentinicella_alkaliphila,1.118335
Nif_Alkaliphilus_metalliredigens,1.139239
Nif_Geosporobacter_ferrireducens,1.126177
Nif_Halocella_sp_SP3-1,1.300484
Nif_Halanaerobium_salsuginis,1.344872
Nif_Orenia_marismortui,1.166937
Nif_Orenia_metallireducens,1.147685
Nif_Pseudoclostridium_thermosuccinogenes,1.238889
Nif_Alkalibacter_saccharofermentans,1.25588
Nif_Dethiosulfatibacter_aminovorans,1.361305
Nif_Petrocella_atlantisensis,1.383394
Nif_Natranaerovirga_hydrolytica,1.263415
Nif_Firmicutes_bacterium_HGW-Firmicutes-1,1.291759
Nif_Defluviitalea_phaphyphila,1.059463
Nif_Gracilibacter_sp_BRH_c7a,1.178145
Nif_Clostridiales_bacterium_DRI-13,1.096644
Nif_Sporomusa_termitida,1.191565
Nif_Anaerospora_hongkongensis,1.243185
Nif_Lucifera_butyrica,1.189405
Nif_Anaerosporomusa_subterranea,1.20477
Nif_Dendrosporobacter_quercicolus,1.212219
Nif_Anaeroarcus_burkinensis,1.232994
Nif_Methanospirillum_lacunae,1.503157
Nif_Methanomassiliicoccus_luminyensis,1.562427
Nif_Methanocella_arvoryzae,1.525383
Nif_Methanoculleus_taiwanensis,1.642172
Nif_Methanolacinia_paynteri,1.582143
Nif_Methanomicrobiales_archaeon_HGW-Methanomicrobiales-1,1.568953
Nif_Methanoregula_boonei,1.576974
Nif_Methanosphaerula_palustris,1.376051
Nif_Dethiobacter_alkaliphilus,1.204337
Nif_Firmicutes_bacterium_HGW-Firmicutes-8,1.175597
Nif_Desulfotomaculum_ferrireducens,1.128128
Nif_Peptococcaceae_bacterium_BICA1-7,1.225314
Nif_Peptococcaceae_bacterium_BRH_c4a,1.202726
Nif_Desulfurispora_thermophila,1.265103
Nif_Desulfocucumis_palustris,1.221676
Nif_Desulfallas_arcticus,1.253879
Nif_Desulfofarcimen_acetoxidans,1.204953
Nif_Desulfuribacillus_alkaliarsenatis,1.087918
Nif_Clostridium_pasteurianum,1.345762
Nif_Oxobacter_pfennigii,1.114474
Nif_Ethanoligenens_harbinense,1.437423
Nif_Gordonibacter_sp_28C,1.55495
Nif_Acetobacterium_woodii,1.406418
Nif_Clostridiales_bacterium_43-6,1.343291
Nif_Parasporobacterium_paucivorans,1.539735
Nif_Anaerosporobacter_mobilis,1.740299
Nif_Cellulosilyticum_lentocellum,1.519253
Nif_Clostridium_populeti,1.504458
Nif_Clostridium_fimetarium,1.561696
Nif_Lachnospiraceae_bacterium,1.556687
Nif_Robinsoniella_sp_MCWD5,1.59714
Nif_Anaerocolumna_jejuensis,1.412187
Nif_Lachnospiraceae_bacterium_Marseille-P3773,1.385927
Nif_Desulfovibrio_desulfuricans,1.629174
Nif_Youngiibacter_fragilis,1.635435
Nif_Ruminiclostridium_hungatei,1.42025
Nif_Massilibacillus_massiliensis,1.450944
Nif_Propionispira_arboris,1.518029
Nif_Pectinatus_cerevisiiphilus,1.657671
Nif_Megasphaera_cerevisiae,1.880277
Nif_Anaerotignum_neopropionicum,1.802814
Nif_Clostridium_algidixylanolyticum,1.816558
Nif_Sporolactobacillus_terrae,1.688425
Nif_Sporobacter_termitidis,1.479876
Nif_Petroclostridium_xylanilyticum,1.071003
Nif_Anaerobacterium_chartisolvens,1.145653
Nif_Pseudobacteroides_cellulosolvens,1.125838
Nif_Hungateiclostridium_cellulolyticum,1.154944
Nif_Syntrophomonas_zehnderi,1.188651
Nif_Desulfacinum_infernum,1.341369
Nif_Desulfonatronospira_thiodismutans,1.341656
Nif_Desulfonatronovibrio_hydrogenovorans,1.328098
Nif_Desulfomonile_tiedjei,1.207422
Nif_Phormidium_sp_HE10JO,1.453581
Nif_Roseofilum_reptotaenium_AO1-A,1.365948
Nif_Geitlerinema_sp_PCC_9228,1.330103
Nif_Coleofasciculus_chthonoplastes,1.267571
Nif_Dissulfuribacter_thermophilus,1.123915
Nif_Candidatus_Achromatium_palustre,1.447485
Nif_Verrucomicrobia_bacterium_Tous-C9LFEB,1.468204
Nif_Opitutaceae_bacterium_EW11,1.469555
Nif_Geminisphaera_colitermitum,1.498369
Nif_Terrimicrobium_sacchariphilum,1.426254
Nif_Verrucomicrobiae_bacterium_DG1235,1.441926
Nif_Coraliomargarita_akajimensis,1.396497
Nif_Chloroflexi_bacterium,1.413774
Nif_Dehalogenimonas_sp_WBC-2,1.450348
Nif_Planctomycetes_bacterium_Q31b,1.58398
Nif_Planctomycetaceae_bacterium,1.6274
Nif_Planctomycetes_bacterium_V7,1.618736
Nif_Phycisphaeraceae_bacterium,1.64759
Nif_Planctomycetes_bacterium,1.64641
Nif_Dehalococcoides_mccartyi,1.584772
Nif_Lentisphaerae_bacterium_GWF2_57_35,1.447724
Nif_Lentisphaerae_bacterium_GWF2_50_93,1.547005
Nif_Kiritimatiellales_bacterium,1.596939
Nif_Verrucomicrobia_bacterium_S94,1.606373
Nif_Draconibacterium_sediminis,1.754841
Nif_Mangrovibacterium_diazotrophicum,1.779265
Nif_Labilibacter_aurantiacus,1.742807
Nif_Bacteroidales_bacterium,1.715505
Nif_Marinilabilia_sp_WTE,1.690189
Nif_Lutibacter_agarilyticus,1.617993
Nif_Cytophaga_xylanolytica,1.817734
Nif_Alkaliflexus_imshenetskii,1.865078
Nif_Natronoflexus_pectinivorans,1.876926
Nif_Prevotella_oryzae,1.886718
Nif_Paludibacter_propionicigenes,1.862285
Nif_Bacteroides_luti,1.795046
Nif_Bacteroides_graminisolvens,1.858721
Nif_Candidatus_Azobacteroides_pseudotrichonymphae,1.82483
Nif_Bacteroidales_bacterium_Barb6XT,1.803127
Nif_Dysgonomonas_capnocytophagoides,1.754631
Nif_Arcticibacter_svalbardensis,1.603892
Nif_Spirochaeta_cellobiosiphila,1.518369
Nif_Candidatus_Marispirochaeta_associata,1.513621
Nif_Sediminispirochaeta_smaragdinae,1.567357
Nif_Spirochaetaceae_bacterium,1.606182
Nif_Prosthecochloris_sp_GSB1,1.410025
Nif_Chlorobium_chlorochromatii,1.478553
Nif_Chloroherpeton_thalassium,1.460032
Nif_Desulforegula_conservatrix,1.533233
Nif_Desulfobotulus_alkaliphilus,1.580454
Nif_Desulfoluna_spongiiphila,1.60648
Nif_Desulfospira_joergensenii,1.584545
Nif_Desulfobacterium_autotrophicum,1.603536
Nif_Desulfamplus_magnetovallimortis,1.500684
Nif_Desulfocarbo_indianensis,1.63939
Nif_Deltaproteobacteria_bacterium_HGW-Deltaproteobacteria-8,1.718594
Nif_Candidatus_Electronema_sp_GS,1.831852
Nif_bacterium_BMS3Abin13,1.843032
Nif_Desulfobulbaceae_bacterium_DB1,1.770563
Nif_Desulfobulbaceae_bacterium_A2,1.786486
Nif_Desulfobulbus_elongatus,1.752858
Nif_Desulfotalea_sp,1.834486
Nif_Desulforhopalus_singaporensis,1.819584
Nif_Desulfofustis_glycolicus,1.916871
Nif_Desulfopila_aestuarii,1.726012
Nif_Pseudodesulfovibrio_hydrargyri,1.752072
Nif_Desulfomicrobium_apsheronum,1.687691
Nif_Desulfobulbaceae_bacterium,1.645479
Nif_Desulfocurvibacter_africanus,1.660703
Nif_Desulfonatronum_lacustre,1.564867
Nif_Desulfohalovibrio_alkalitolerans,1.601819
Nif_Deltaproteobacteria_bacterium,1.667119
Nif_Candidatus_Dadabacteria_bacterium,1.725172
Nif_Desulfobacca_acetoxidans,1.488451
Nif_bacterium_BMS3Abin10,1.489419
Nif_Syntrophobacter_fumaroxidans,1.517641
Nif_Desulfatibacillum_aliphaticivorans,1.585095
Nif_Desulfobacteraceae_bacterium,1.580139
Nif_Desulfatitalea_sp_BRH_c12,1.593599
Nif_Desulfobacterales_bacterium_C00003106,1.656396
Nif_Desulfobacteraceae_bacterium_Eth-SRB2,1.701062
Nif_delta_proteobacterium_NaphS2,1.594345
Nif_Desulfosarcina_cetonica,1.544762
Nif_Holophaga_foetida,1.601251
Nif_Syntrophorhabdaceae_bacterium_PtaU1Bin034,1.63519
Nif_Syntrophus_gentianae,1.724761
Nif_Smithella_sp_SC_K08D17,1.634373
Nif_Treponema_primitia,1.751295
Nif_Fibrobacteres_bacterium,1.631567
Nif_Spirochaetes_bacterium_GWE1_32_154,1.57503
Nif_Spirochaeta_thermophila,1.684413
Nif_Spirochaetes_bacterium_GWB1_27_13,1.345934
Nif_Spirochaetes_bacterium_GWB1_36_13,1.434346
Nif_Hydrogenispora_ethanolica,1.334178
Nif_Candidatus_Margulisbacteria_bacterium_GWD2_39_127,1.410619
Nif_Elusimicrobia_bacterium_RIFOXYA2_FULL_50_26,1.569506
Nif_Actinobacteria_bacterium_HGW-Actinobacteria-2,1.391689
Nif_Propionibacterium_cyclohexanicum,1.388757
Nif_Methanolobus_psychrotolerans,1.007424
Nif_Methanosarcina_acetivorans_C2A,1.019156
Nif_Peptococcaceae_bacterium_SCADC1_2_3,1.158458
Nif_Methanothrix_soehngenii,1.113646
Nif_Gaiellales_bacterium,1.051451
Nif_Carboxydocella_sp_ULO1,1.001349
Nif_Thermoanaerobacterium_thermosaccharolyticum,1.004431
Nif_Thermicanus_aegyptius,1.407214
Nif_Aneurinibacillus_terranovensis,1.472901
Nif_Bacillus_caseinilyticus,1.538535
Nif_Anaerobacillus_alkalidiazotrophicus,1.537299
Nif_Fontibacillus_panacisegetis,1.594635
Nif_Gorillibacterium_timonense,1.551015
Nif_Frankia_canadensis,1.520417
Nif_Alphaproteobacteria_bacterium,1.628822
Nif_magneto-ovoid_bacterium_MO-1,1.63495
Nif_Candidatus_Competibacteraceae_bacterium,1.620613
Nif_Methyloprofundus_sedimenti,1.643258
Nif_Methylomonas_koyamae,1.627217
Nif_Mariprofundus_ferrooxydans,1.61947
Nif_Chromatiaceae_bacterium_2141TSTBD0c01a,1.585634
Nif_Thiorhodococcus_drewsii,1.662545
Nif_Thioflavicoccus_mobilis,1.696886
Nif_Candidatus_Thiosymbion_oneisti,1.696542
Nif_Ectothiorhodospiraceae_bacterium,1.59135
Nif_Acidihalobacter_prosperus,1.64613
Nif_Blastopirellula_marina,1.684734
Nif_bacterium_BMS3Abin12,1.723751
Nif_Sulfurivermis_fontis,1.712523
Nif_Propionivibrio_dicarboxylicus,1.832533
Nif_Marinobacter_sp_ES-1,1.777321
Nif_Thioploca_ingrica,1.754317
Nif_Betaproteobacteria_bacterium_HGW-Betaproteobacteria-11,1.693153
Nif_Rhodocyclaceae_bacterium,1.77828
Nif_Candidatus_Accumulibacter_aalborgensis,1.79418
Nif_Azoarcus_sp_CC-YHH838,1.687319
Nif_Hydrogenophilales_bacterium_28-61-23,1.714004
Nif_Gammaproteobacteria_bacterium_28-57-27,1.702712
Nif_Beggiatoa_alba,1.656208
Nif_Amphritea_atlantica,1.638982
Nif_Alteromonadales_bacterium_BS08,1.789715
Nif_Agaribacterium_haliotis,1.770701
Nif_Alteromonadaceae_bacterium_Bs31,1.698642
Nif_Haliea_sp_SAOS-164,1.695429
Nif_Oceanospirillaceae_bacterium,1.68906
Nif_Azotobacter_vinelandii,1.684613
Nif_Proteobacteria_bacterium_CG1_02_64_396,1.652884
Nif_Varunaivibrio_sulfuroxidans,1.593688
Nif_Magnetovibrio_blakemorei,1.595011
Nif_Ectothiorhodospira_haloalkaliphila,1.601795
Nif_Cohaesibacter_haloalkalitolerans,1.626957
Nif_Aliagarivorans_marinus,1.701927
Nif_Vibrio_aerogenes,1.702437
Nif_Serratia_sp_ATCC_39006,1.747735
Nif_Biostraticola_sp_BGMRC_2031,1.814436
Nif_Klebsiella_pneumoniae,1.814802
Nif_Pantoea_cypripedii,1.795473
Nif_Mangrovibacter_sp_MFB070,1.777236
Nif_Sodalis_sp_159R,1.726376
Nif_Tolumonas_lignilytica,1.614822
Nif_Celerinatantimonas_diazotrophica,1.687117
Nif_Halorhodospira_halochloris,1.61464
Nif_Candidatus_Lambdaproteobacteria_bacterium_RIFOXYD2_FULL_50_16,1.639404
Nif_Candidatus_Lambdaproteobacteria_bacterium_RIFOXYC1_FULL_56_13,1.576469
Nif_Chrysiogenes_arsenatis,1.686685
Nif_Calditerrivibrio_nitroreducens,1.736024
Nif_Geovibrio_sp_L21-Ace-BES,1.685995
Nif_Seleniivibrio_woodruffii,1.74797
Nif_Telmatospirillum_siberiense,1.551756
Nif_Rhodopseudomonas_palustris,1.610562
Nif_Methyloferula_stellata,1.62072
Nif_Bradyrhizobium_oligotrophicum,1.579417
Nif_Acuticoccus_sp_PTG4-2,1.630414
Nif_Rhodoblastus_acidophilus,1.604379
Nif_Methyloglobulus_morosus,1.567635
Nif_Hydrogenophilales_bacterium_16-64-40,1.574681
Nif_Leptospirillum_ferriphilum,1.681271
Nif_Acidiferrobacter_sp_SPIII_3,1.589442
Nif_Oxalobacter_sp,1.783312
Nif_Herbaspirillum_frisingense,1.656923
Nif_Pelomonas_saccharophila,1.660415
Nif_Polaromonas_naphthalenivorans,1.717078
Nif_Cupriavidus_sp_amp6,1.78873
Nif_Solimonas_aquatica,1.726909
Nif_Derxia_gummosa,1.665453
Nif_Acidithiobacillus_ferridurans,1.568821
Nif_Gallionellales_bacterium_GWA2_60_18,1.599969
Nif_Rhodospirillaceae_bacterium_BRH_c57,1.64949
Nif_Phaeospirillum_fulvum,1.765596
Nif_Roseospirillum_parvum,1.676289
Nif_Rhodovibrio_salinarum,1.855045
Nif_Actibacterium_ureilyticum,1.741053
Nif_Rhodobacteraceae_bacterium,1.684847
Nif_Defluviimonas_alba,1.745228
Nif_Geminicoccaceae_bacterium,1.789436
Nif_Rhodothalassium_salexigens,1.744977
Nif_Rhizobiales_bacterium,1.673383
Nif_Hartmannibacter_diazotrophicus,1.707533
Nif_Pleomorphomonas_carboxyditropha,1.809617
Nif_Blastochloris_sp_GI,1.812273
Nif_Neorhizobium_galegae,1.831464
Nif_Martelella_sp_BGMRC2036,1.721221
Nif_Zymomonas_mobilis,1.73272
Nif_Acetobacter_peroxydans,1.665887
Nif_Rhodopila_globiformis,1.701576
Nif_Afifella_pfennigii,1.735755
Nif_Skermanella_aerolata,1.551966
Nif_Fischerella_sp_PCC_9605,1.468637
Nif_Euhalothece_natronophila,1.757462
Nif_filamentous_cyanobacterium_ESFC-1,1.685581
Nif_Desertifilum_sp_IPPAS_B-1220,1.55418
Nif_Leptolyngbya_sp_JSC-1,1.568673
Nif_Kamptonema,1.575508
Nif_Vulcanococcus_limneticus,1.670092
Nif_Planktothrix_tepida,1.526501
Nif_cyanobacterium_endosymbiont_of_Epithemia_turgida,1.670885
Nif_Lyngbya_sp_PCC_8106,1.682775
Nif_Gloeocapsa_sp_DLM2Bin57,1.59624
Nif_Sulfuricurvum_kujiense,1.681778
Nif_Sulfurimonas_sp_RIFOXYD12_FULL_33_39,1.639908
Nif_Lebetimonas_sp_JS032,1.641461
Nif_Wolinella_succinogenes,1.712022
Nif_Sulfurovum_sp_FS08-3,1.736665
Nif_Nitrospirae_bacterium_GWC2_57_13,1.471992
Nif_bacterium_BMS3Bbin07,1.446097
Nif_Nitrospirae_bacterium,1.445404
Nif_Candidatus_Magnetoovum_chiemensis,1.395254
Nif_Thermodesulfovibrio_aggregans,1.450729
Nif_Actinobacteria_bacterium_HGW-Actinobacteria-10,1.415622
Nif_Desulfurobacterium_atlanticum,1.566604
Nif_Desulfosporosinus_fructosivorans,1.470741
Nif_Peptococcaceae_bacterium_CEB3,1.411279
Nif_Pelotomaculum_sp_FP,1.375184
Nif_Dehalobacter,1.412809
Nif_Heliobacterium_modesticaldum,1.3146
Nif_Geoalkalibacter_ferrihydriticus,1.35803
Nif_Desulfuromonadales_bacterium_GWC2_61_20,1.487422
Nif_Anaeromyxobacter_sp_Fw109-5,1.564748
Nif_Geobacter_thiogenes,1.488475
Nif_Deltaproteobacteria_bacterium_HGW-Deltaproteobacteria-4,1.468657
Nif_Desulfuromonas_acetexigens,1.453397
Nif_Malonomonas_rubra,1.491212
Nif_Geothermobacter_sp_EPR-M,1.497775
Nif_Pelobacter_acetylenicus,1.324461
Nif_Candidatus_Acididesulfobacter_diazotrophicus,1.197648
Nif_Candidatus_Acidulodesulfobacterium_acidiphilum,1.19092
BchChl_Chloracidobacterium_thermophilum,6.660123
BchChl_Heliophilum_fasciatum,7.431726
BchChl_Heliobacillus_mobilis,7.400516
BchChl_Heliobacterium_modesticaldum,7.456677
BchChl_Geitlerinema_sp_PCC_7407,7.472054
BchChl_Leptolyngbya_sp_JSC-1,7.437057
BchChl_Okeania_hirsuta,7.535411
BchChl_Trichodesmium_erythraeum,7.537698
BchChl_Hormoscilla_sp_GUM007,7.528082
BchChl_Roseofilum_reptotaenium_AO1-A,7.560151
BchChl_Lyngbya_sp_PCC_8106,7.546762
BchChl_Limnoraphis_robusta,7.534141
BchChl_Desertifilum_sp_IPPAS_B-1220,7.530784
BchChl_Cyanobacteria_bacterium_J007,7.569733
BchChl_Oscillatoria_acuminata,7.60336
BchChl_Planktothricoides_sp_SR001,7.552576
BchChl_Rubidibacter_lacunae,7.656544
BchChl_Dactylococcopsis_salina,7.736231
BchChl_Halothece_sp_PCC_7418,7.743128
BchChl_Euhalothece_natronophila,7.762232
BchChl_Planktothrix_sp_PCC_11201,7.518049
BchChl_Arthrospira_platensis,7.520572
BchChl_Moorea_producens,7.529104
BchChl_Coleofasciculus_chthonoplastes,7.515954
BchChl_Cyanobacteria_bacterium_UBA12227,7.487094
BchChl_Microcoleus_sp_PCC_7113,7.494579
BchChl_Phormidesmis_priestleyi,7.576209
BchChl_Snowella_sp,7.556761
BchChl_Cyanothece_sp_BG0011,7.566641
BchChl_cyanobacterium_endosymbiont_of_Rhopalodia_gibberula,7.675837
BchChl_Candidatus_Atelocyanobacterium_thalassa,7.703793
BchChl_unicellular_cyanobacterium_SU2,7.571396
BchChl_Rippkaea_orientalis,7.539775
BchChl_Gloeothece_citriformis,7.525576
BchChl_Microcystis_aeruginosa,7.590967
BchChl_Aphanothece_hegewaldii,7.550738
BchChl_Hydrococcus_rivularis,7.530286
BchChl_Chondrocystis_sp_NIES-4102,7.584439
BchChl_Myxosarcina_sp_GI1,7.578969
BchChl_Hyella_patelloides,7.56302
BchChl_Xenococcus_sp_PCC_7305,7.589888
BchChl_Cyanobacteria_bacterium_J083,7.594163
BchChl_Stanieria_sp_NIES-3757,7.511071
BchChl_filamentous_cyanobacterium_ESFC-1,7.609221
BchChl_Spirulina_major,7.616304
BchChl_Cyanobacterium_aponinum,7.658172
BchChl_Geminocystis_herdmanii,7.64096199999999
BchChl_Limnothrix_rosea,7.679199
BchChl_Gloeocapsa_sp_PCC_7428,7.472111
BchChl_Chroococcidiopsis_sp_TS-821,7.468482
BchChl_Gloeocapsopsis_sp_AAB1-1H9,7.466997
BchChl_Neosynechococcus_sphagnicola,7.527096
BchChl_Crinalium_epipsammum,7.529647
BchChl_Chamaesiphon_minutus,7.620038
BchChl_Kamptonema,7.541379
BchChl_Oscillatoriales_cyanobacterium_USR001,7.542957
BchChl_Tychonema_bourrellyi,7.541393
BchChl_Oscillatoria_nigro-viridis,7.554663
BchChl_Acaryochloris_sp_RCC1774,7.601378
BchChl_Synechocystis_sp_PCC_7509,7.543357
BchChl_Chlorogloea_sp_CCALA_695,7.545597
BchChl_Aliterella_atlantica,7.51996
BchChl_Scytonema_millei,7.488145
BchChl_Mastigocoleus_testarum,7.551129
BchChl_Richelia_intracellularis,7.664373
BchChl_Rivularia_sp_PCC_7116,7.539875
BchChl_Fischerella_sp_NIES-4106,7.513376
BchChl_cyanobacterium_PCC_7702,7.564024
BchChl_Chlorogloeopsis_fritschii,7.513195
BchChl_Chrysosporum_ovalisporum,7.57449
BchChl_Nodularia_sp_NIES-3585,7.562523
BchChl_Nostoc_calcicola,7.5273
BchChl_Cuspidothrix_issatschenkoi,7.561773
BchChl_Dolichospermum_planctonicum,7.563383
BchChl_Anabaena_cylindrica,7.554971
BchChl_Trichormus_azollae,7.564934
BchChl_Sphaerospermopsis,7.602022
BchChl_Nostocales_cyanobacterium,7.603907
BchChl_Cylindrospermum_sp_NIES-4074,7.536741
BchChl_Calothrix_brevissima,7.544201
BchChl_Fortiea_contorta,7.528127
BchChl_Hassallia_byssoidea_VB512170,7.51138
BchChl_Tolypothrix_campylonemoides,7.504709
BchChl_Mastigocladopsis_repens,7.49982
BchChl_Nostocales_cyanobacterium_HT-58-2,7.498055
BchChl_Phormidium_ambiguum,7.475402
BchChl_Merismopedia_glauca,7.516009
BchChl_Alkalinema_sp_CACIAM_70d,7.493377
BchChl_Oscillatoriales_cyanobacterium_JSC-12,7.451293
BchChl_Leptolyngbya_boryana,7.423109
BchChl_Halomicronema_hongdechloris,7.486458
BchChl_Nodosilinea_nodulosa,7.510495
BchChl_filamentous_cyanobacterium_CCP3,7.49502
BchChl_Prochlorothrix_hollandica,7.509564
BchChl_Synechococcus_elongatus,7.461276
BchChl_Thermosynechococcus_elongatus,7.359804
BchChl_Gloeomargarita_lithophora,7.344407
BchChl_Gloeobacter_kilaueensis,7.369001
BchChl_Roseiflexus_castenholzii,7.241849
BchChl_Candidatus_Chloroploca_sp_Khr17,7.380567
BchChl_Candidatus_Viridilinea_mediisalina,7.406543
BchChl_Oscillochloris_trichoides,7.413941
BchChl_Candidatus_Oscillochloris_fontis,7.414681
BchChl_Chloroflexales_bacterium_ZM16-3,7.40073
BchChl_Chloroflexus_aggregans,7.306503
BchChl_Candidatus_Thermochlorobacter_aerophilum,7.488935
BchChl_Chloroherpeton_thalassium,7.355667
BchChl_Chlorobaculum_limnaeum,7.442391
BchChl_Chlorobium_limicola,7.506141
BchChl_Pelodictyon_luteolum,7.493803
BchChl_Prosthecochloris_marina,7.407186
BchChl_Rhodothalassium_salexigens,6.569388
BchChl_Dichotomicrobium_thermohalophilum,6.511274
BchChl_Aurantimonas_sp_22II-16-19i,6.563495
BchChl_Fulvimarina_manganoxydans,6.605121
BchChl_Pararhizobium_sp_BGMRC6574,6.517632
BchChl_Rhodospirillaceae_bacterium,6.463501
BchChl_Rhodospirillales_bacterium,6.465582
BchChl_Afifella_marina,6.391132
BchChl_Ectothiorhodosinus_mongolicus,6.483978
BchChl_Ectothiorhodospira_magna,6.440167
BchChl_Rhodospirillaceae_bacterium_HHTR118,6.431572
BchChl_Salinarimonas_rosea,6.495515
BchChl_Thalassobaculum_litoreum,6.568062
BchChl_Tepidamorphus_gemmatus,6.533922
BchChl_Phreatobacter_oligotrophus,6.594296
BchChl_Rhizobiales_bacterium_CCH10-E5,6.569214
BchChl_Bosea_sp_AAP35,6.600522
BchChl_bacterium_RmlP026,6.614958
BchChl_Mongoliimonas_terrestris,6.5755
BchChl_Prosthecomicrobium_hirschii,6.557953
BchChl_Rubritepida_flocculans,6.588976
BchChl_Elioraea_sp_PF-30,6.56642
BchChl_Acetobacteraceae_bacterium_DB1506,6.581119
BchChl_Belnapia_moabensis,6.508238
BchChl_Dankookia_rubra,6.536865
BchChl_Paracraurococcus_ruber,6.525609
BchChl_Roseomonas_nepalensis,6.500886
BchChl_Rhodopseudomonas_palustris,6.530218
BchChl_Tardiphaga_sp_vice154,6.550099
BchChl_Bradyrhizobiaceae_bacterium,6.582116
BchChl_Beijerinckiaceae_bacterium_RH_AL1,6.535054
BchChl_Rhodoplanes_piscinae,6.539388
BchChl_Phaeospirillum_fulvum,6.638559
BchChl_Blastochloris_sp_GI,6.526225
BchChl_Skermanella_aerolata,6.50112
BchChl_Rhodospirillum_centenum,6.485806
BchChl_Methylocapsa_palsarum,6.566143
BchChl_Methylocella_silvestris,6.628958
BchChl_Acidibrevibacterium_fodinaquatile,6.697711
BchChl_Rhodospirillales_bacterium_20-60-12,6.701372
BchChl_Acidocella_sp_20-57-95,6.726928
BchChl_Acidiphilium_multivorum,6.727155
BchChl_Acetobacteraceae_bacterium_KEBCLARHB70R,6.713114
BchChl_Geminicoccaceae_bacterium,6.574499
BchChl_Rhizobiales_bacterium_KCTC_52945,6.664383
BchChl_Rhodomicrobium_sp_JA980,6.646789
BchChl_Ahrensia_sp_R2A130,6.767305
BchChl_Hyphomicrobium_zavarzinii,6.576687
BchChl_Hyphomicrobium_sp_12-62-95,6.669516
BchChl_Hyphomicrobium_sp,6.629439
BchChl_Roseiarcus_fermentans,6.694631
BchChl_Rhodoblastus_acidophilus,6.717484
BchChl_Methylocystis_rosea,6.58956
BchChl_Methylorubrum_extorquens,6.601599
BchChl_Streptomyces_purpurogeneiscleroticus,6.614622
BchChl_Methylobacterium_brachiatum,6.624096
BchChl_Dongia_mobilis,6.583463
BchChl_Rhizobiales_bacterium,6.633641
BchChl_Bradyrhizobium_guangzhouense,6.578105
BchChl_Rhodopila_globiformis,6.553846
BchChl_Rhodospirillales_bacterium_20-64-7,6.554818
BchChl_Betaproteobacteria_bacterium_TMED41,6.987758
BchChl_Betaproteobacteria_bacterium_TMED156,7.063175
BchChl_Betaproteobacteria_bacterium_TMED82,7.114779
BchChl_Polynucleobacter_acidiphobus,6.701354
BchChl_beta_proteobacterium_AAP99,6.660483
BchChl_Rhodoferax_antarcticus,6.709422
BchChl_Limnohabitans_sp_2KL-17,6.651657
BchChl_Piscinibacter_caeni,6.507982
BchChl_Comamonadaceae_bacterium_YIM_73032,6.496331
BchChl_Comamonadaceae_bacterium_SYSU_G00088,6.50517
BchChl_Rubrivivax_benzoatilyticus,6.589166
BchChl_beta_proteobacterium_AAP51,6.641803
BchChl_unclassified_Betaproteobacteria_miscellaneous,6.668982
BchChl_Aquabacterium_sp_W35,6.610478
BchChl_Burkholderiales_bacterium_RIFCSPHIGHO2_12_FULL_69_20,6.58690699999999
BchChl_Pseudacidovorax_sp_RU35E,6.693841
BchChl_Pseudorhodoferax_sp_Leaf267,6.712429
BchChl_Leptothrix_mobilis,6.702546
BchChl_Pelomonas_puraquae,6.643209
BchChl_Roseateles_depolymerans,6.731156
BchChl_Burkholderiales_bacterium_PBB2,6.64921
BchChl_Burkholderiales_bacterium_C2,6.650894
BchChl_Rivibacter_subsaxonicus,6.537853
BchChl_Burkholderiales_bacterium,6.6676
BchChl_Hydrogenophaga_flava,6.663041
BchChl_Betaproteobacteria_bacterium_HGW-Betaproteobacteria-3,6.664468
BchChl_Methylibium_sp_NZG,6.602996
BchChl_Burkholderiales_bacterium_PBB1,6.607382
BchChl_Burkholderiales_bacterium_28-67-8,6.619455
BchChl_Comamonadaceae_bacterium,6.609164
BchChl_Variovorax_sp_KK3,6.597023
BchChl_Rhizobacter_sp_Root404,6.525683
BchChl_Ideonella_sakaiensis,6.666561
BchChl_Aquincola_tertiaricarbonis,6.522716
BchChl_Betaproteobacteria_bacterium_UKL13-2,6.522498
BchChl_Nevskia_ramosa,6.593621
BchChl_Methyloversatilis_sp_RAC08,6.645673
BchChl_Thiorhodospira_sibirica,6.653773
BchChl_Gemmatimonas_phototrophica,6.741455
BchChl_Oscillatoriales_cyanobacterium_CG2_30_44_21,6.800241
BchChl_Pseudanabaena_biceps,6.80096
BchChl_Aphanocapsa_feldmannii_288cV,6.882644
BchChl_Candidatus_Synechococcus_spongiarum,6.847923
BchChl_uncultured_marine_type-A_Synechococcus_GOM_5D20,7.000833
BchChl_uncultured_marine_type-A_Synechococcus_GOM_3O12,6.983775
BchChl_uncultured_marine_type-A_Synechococcus_4O4,6.984772
BchChl_uncultured_marine_type-A_Synechococcus_5B2,6.975547
BchChl_Propionibacteriaceae_bacterium,7.004452
BchChl_Prochlorococcus_marinus,6.959676
BchChl_Cyanobium_gracile,6.868096
BchChl_Vulcanococcus_limneticus,6.864244
BchChl_Thiohalocapsa_sp_ML1,6.789956
BchChl_Chromatiaceae_bacterium,6.820804
BchChl_Thiorhodovibrio_sp_970,6.844131
BchChl_Candidatus_Thiodictyon_syntrophicum,6.778105
BchChl_Thiocystis_violascens,6.769422
BchChl_Imhoffiella_purpurea,6.859442
BchChl_Thiorhodococcus_drewsii,6.853587
BchChl_Allochromatium_vinosum,6.876441
BchChl_Thiobaca_trueperi,6.779635
BchChl_Chromatium_okenii,6.817931
BchChl_Thiocapsa_marina,6.766386
BchChl_Thioflavicoccus_mobilis,6.717019
BchChl_Halorhodospira_halochloris,6.80926
BchChl_Chromatocurvus_halotolerans,6.921818
BchChl_Pseudohaliea_rubra,6.89791
BchChl_Congregibacter_litoralis,6.959859
BchChl_gamma_proteobacterium_NOR5-3,6.948588
BchChl_Luminiphilus_syltensis,6.925263
BchChl_Halieaceae_bacterium,7.019011
BchChl_uncultured_marine_proteobacterium,7.095894
BchChl_Alteromonadaceae_bacterium,7.060259
BchChl_gamma_proteobacterium_HIMB55,7.0155
BchChl_marine_gamma_proteobacterium_HTCC2080,7.027856
BchChl_Salinisphaera_sp_Q1T1-3,6.648508
BchChl_Gemmatimonadales_bacterium,6.579511
BchChl_Myxococcales_bacterium,6.490499
BchChl_Rhodovibrio_salinarum,6.56736
BchChl_Phyllobacteriaceae_bacterium_StC1,6.656178
BchChl_Roseitalea_porphyridii,6.658256
BchChl_Roseibium_hamelinense,6.772281
BchChl_Hoeflea_olei,6.749161
BchChl_Phyllobacteriaceae_bacterium_Z3-1,6.808092
BchChl_Labrenzia_alexandrii,6.836197
BchChl_Oceanibaculum_indicum,6.880836
BchChl_Rhizobium_ipomoeae,6.888072
BchChl_Pseudomonas_sp_SLBN-2,6.864651
BchChl_Agrobacterium_albertimagni,6.848521
BchChl_unclassified_Rhizobium,6.859376
BchChl_Niveispirillum_lacus,6.892246
BchChl_alpha_proteobacterium_AAP38,6.906029
BchChl_Azospirillum,6.859822
BchChl_Phyllobacteriaceae_bacterium,6.831436
BchChl_Rhodobium_orientis,6.638853
BchChl_Stappia_sp_ES058,6.637789
BchChl_Rhizobiales_bacterium_65-79,6.655592
BchChl_Mesorhizobium_loti,6.653739
BchChl_Rhodoligotrophos_appendicifer,6.640587
BchChl_Alphaproteobacteria_bacterium_WS11,6.678334
BchChl_Candidatus_Phycosocius_bacilliformis,6.50732
BchChl_Aquidulcibacter_paucihalophilus,6.519452
BchChl_Hyphomonadaceae_bacterium_UKL13-1,6.529057
BchChl_Caulobacteraceae_bacterium_PMMR1,6.592284
BchChl_Telmatospirillum_siberiense,6.682273
BchChl_Alphaproteobacteria_bacterium,6.573673
BchChl_Alphaproteobacteria_bacterium_PA4,6.572958
BchChl_Sandarakinorhabdus_limnophila,6.618832
BchChl_Sphingomonas_astaxanthinifaciens,6.684429
BchChl_Blastomonas_natatoria,6.614222
BchChl_Oceanobacter_sp,6.681237
BchChl_Citromicrobium_sp_WPS32,6.67653
BchChl_Alphaproteobacteria_bacterium_HGW-Alphaproteobacteria-14,6.767088
BchChl_Porphyrobacter_colymbi,6.742356
BchChl_Erythrobacter_litoralis,6.716798
BchChl_Altererythrobacter_ishigakiensis,6.644129
BchChl_Proteobacteria_bacterium_SG_bin6,6.587638
BchChl_Proteobacteria_bacterium_SG_bin5,6.585032
BchChl_Proteobacteria_bacterium_ST_bin14,6.605249
BchChl_Proteobacteria_bacterium_ST_bin13,6.585465
BchChl_Sphingobium_sp_TLA-22,6.586127
BchChl_Polymorphobacter_sp_DJ1R-1,6.623867
BchChl_Novosphingobium_acidiphilum,6.637859
BchChl_unclassified_Sphingomonas,6.573615
BchChl_Brevundimonas_bacteroides,6.514148
BchChl_Rhodobacteraceae_bacterium_O448,6.655149
BchChl_Pontivivens_insulae,6.732773
BchChl_Rhodobacterales_bacterium,6.945015
BchChl_Tropicimonas_sp_IMCC34043,6.757888
BchChl_uncultured_proteobacterium_DelRiverFos13D03,6.911727
BchChl_Pseudorhodobacter_sp_MZDSW-24AT,6.949248
BchChl_Gemmobacter_sp_CC-PW-75,7.054884
BchChl_Rhodobacteraceae_bacterium_PARR1,7.00935199999999
BchChl_Rhodobacter_capsulatus,7.188653
BchChl_Tabrizicola_aquatica,6.940642
BchChl_Cereibacter_changlensis,6.83164
BchChl_Roseinatronobacter_monicus,6.874896
BchChl_Roseibaca_calidilacus,6.873473
BchChl_Rhodovulum_adriaticum,6.835974
BchChl_Roseicitreum_antarcticum,6.822741
BchChl_Tranquillimonas_alkanivorans,6.816633
BchChl_Kandeliimicrobium_roseum,6.818595
BchChl_Rhodobacteraceae_bacterium_THAF1,6.93962999999999
BchChl_Palleronia_abyssalis,6.94346299999999
BchChl_Maribius_sp_MOLA_401,6.940117
BchChl_Rhodobacteraceae_bacterium_JBTF-M29,7.050274
BchChl_Primorskyibacter_sp_SS33,6.91644899999999
BchChl_Hwanghaeicola_aestuarii,6.875506
BchChl_Rhodobacteraceae_bacterium_CCMM004,6.836943
BchChl_Alphaproteobacteria_bacterium_HGW-Alphaproteobacteria-1,6.875262
BchChl_Rhodobacteraceae_bacterium_CG17_big_fil_post_rev_8_21_14_2_50_63_15,6.882328
BchChl_Rhodobacteraceae_bacterium_WDS1C4,6.921656
BchChl_Rhodobacteraceae_bacterium_WDS4C29,6.893142
BchChl_Roseovarius_aestuariivivens,6.851762
BchChl_Salipiger_mucosus,6.887903
BchChl_Ruegeria_sp_PBVC088,6.867204
BchChl_Tropicibacter_sp_LMIT003,6.89634
BchChl_Marinibacterium_profundimaris,6.950203
BchChl_Maritimibacter_sp,6.896141
BchChl_Rhodosalinus_sediminis,6.866634
BchChl_Oceanicola_sp_HL-35,6.875577
BchChl_Lutimaribacter_saemankumensis,6.867705
BchChl_Maliponia_aquimaris,6.896895
BchChl_Ponticoccus_marisrubri,6.95879
BchChl_Pseudaestuariivita_atlantica,6.839558
BchChl_Roseivivax_halodurans,6.892698
BchChl_Limimaricola_pyoseonensis,6.995554
BchChl_Marivita_geojedonensis,6.867349
BchChl_Puniceibacterium_antarcticum,6.858882
BchChl_Thalassococcus_profundi,6.841233
BchChl_Rhodobacteraceae_bacterium_LMIT002,6.879172
BchChl_Rhodobacteraceae_bacterium_TG-679,6.843251
BchChl_Rhodobacteraceae_bacterium_SM1902,6.871296
BchChl_Pelagicola_sp_LXJ1103,6.784152
BchChl_Pseudooctadecabacter_jejudonensis,6.844574
BchChl_Histidinibacterium_lentulum,6.925229
BchChl_Roseisalinus_antarcticus,6.941025
BchChl_Rhodobacteraceae_bacterium_HLUCCA08,6.916874
BchChl_Flavimaricola_marinus,6.87189
BchChl_Yoonia_litorea,6.925901
BchChl_Cognatiyoonia_koreensis,6.913709
BchChl_Loktanella_atrilutea,6.893157
BchChl_Planktotalea_frisia,6.870219
BchChl_Thalassobium_sp_R2A62,6.868123
BchChl_Sulfitobacter_guttiformis,6.883984
BchChl_Rhodobacteraceae_bacterium_SB2,6.880409
BchChl_Marinovum_sp,7.128123
BchChl_Phaeobacter_sp_22II1-1F12B,6.932369
BchChl_Rhodobacteraceae_bacterium_EhC02,6.820435
BchChl_Aestuariivita_boseongensis,6.902032
BchChl_Tateyamaria_omphalii,6.900153
BchChl_Rhodobacteraceae_bacterium,6.980403
BchChl_Ascidiaceihabitans_donghaensis,6.900528
BchChl_Roseobacter_denitrificans,6.82088
BchChl_Nereida_ignava,6.819711
BchChl_Rhodobacteraceae_bacterium_HLUCCO18,6.940038
BchChl_Roseicyclus_mahoneyensis,6.957473
BchChl_Roseibacterium_elongatum,6.904331
BchChl_Rhodobacteraceae_bacterium_MA-7-27,6.90439
BchChl_Thalassobacter_stenotrophicus,6.879437
BchChl_Litoreibacter_ponti,6.843764
BchChl_Dinoroseobacter_shibae,6.829853
BchChl_Shimia_sp_WX04,6.8398
BchChl_Rhodobacteraceae_bacterium_HLUCCA09,6.80004
BchChl_Jannaschia_aquimarina,6.8363
BchChl_Hasllibacter_halocynthiae,6.818078
BchChl_Albimonas_pacifica,6.650004
BchChl_Rubrimonas_cliftonensis,6.528923
BchChl_Acuticoccus_kandeliae,6.438454
BchChl_Filomicrobium_sp,6.568413
BchChl_Rhodospira_trueperi,6.338359
BchChl_Roseospirillum_parvum,6.357669
BchChl_Pararhodospirillum_oryzae,6.382095
BchChl_Caenispirillum_salinarum,6.197005
Nif_Ammonifex_sp,1.29074
Nif_Thermodesulfitimonas_autotrophica,1.216969
Nif_Thermacetogenium_phaeum,1.196858
Nif_Syntrophothermus_lipocalidus,1.208484
Nif_Moorella_thermoacetica,1.214776
Nif_Desulfobacteraceae_bacterium_Eth-SRB1,1.358653
Nif_Desulfoglaeba_alkanexedens,1.308895
Nif_Thermodesulforhabdus_norvegica,1.409127
Nif_Methanothermococcus_okinawensis,1.228506
Nif_Methanotorris_igneus,1.075911
Nif_Methanocaldococcus_infernus,1.080833
Nif_Caldicellulosiruptor_saccharolyticus,0.930515
Nif_Methanococcus_maripaludis,1.210535
Nif_Methanothermobacter_thermautotrophicus,1.340359
Nif_Methanobrevibacter_curvatus,1.385265
Nif_Methanobacterium_paludis,1.174841
Nif_Methanobacteriales_archaeon_HGW-Methanobacteriales-1,1.201886
Vnf_Clostridium_pasteurianum,1.494799
Vnf_Methylocystaceae_bacterium,1.877326
Vnf_Methylocystis_parvus,1.877998
Vnf_Rhodoblastus_acidophilus,1.874904
Vnf_Rhodopseudomonas_palustris,1.847866
Vnf_Phaeospirillum_fulvum,1.88975
Vnf_Azomonas_agilis,1.703419
Vnf_Azotobacter_vinelandii,1.740608
Vnf_Tolumonas_lignilytica,1.643261
Vnf_Ruminiclostridium_hungatei,1.483726
Vnf_Paenibacillus_durus,1.527518
Vnf_Lucifera_butyrica,1.43505
Vnf_Methylomusa_anaerophila,1.471877
Anf_Desulfovibrio_desulfuricans,1.982756
Anf_Pectinatus_cerevisiiphilus,2.041825
Anf_Clostridium_pasteurianum,2.015205
Anf_Azotobacter_vinelandii,2.043625
Anf_Rhodoblastus_acidophilus,2.082556
Anf_Rhodobacter_capsulatus,2.212639
Anf_Rhodopseudomonas_palustris,2.06971
Anf_Phaeospirillum_fulvum,2.032276
Anf_Dickeya_paradisiaca,2.029534
Anf_Rahnella_sp_AA,2.062973
Anf_Thiorhodococcus_drewsii,2.017386
Anf_Geobacter_thiogenes,1.970585
Anf_Dysgonomonas_capnocytophagoides,2.028302
